{
  "1": {
    "D_min": 0.3082711100578308,
    "D_mean": 0.7781558632850647,
    "D_p25": 0.6875100135803223,
    "D_p50": 0.8096046447753906,
    "D_p90": 0.9324004054069519,
    "counts": {
      "U": 231,
      "G": 590,
      "S": 587
    },
    "cuts": {
      "universal_max_D": 0.6329135298728943,
      "group_max_D": 0.8326851725578308,
      "group_min_D": 0.63536536693573,
      "specialist_min_D": 0.8327803015708923
    },
    "figure": "outputs_realtext_512/figs/D_hist_layer01_B0p12.png"
  },
  "5": {
    "D_min": 0.4980041980743408,
    "D_mean": 0.8546388149261475,
    "D_p25": 0.8031679391860962,
    "D_p50": 0.8751096129417419,
    "D_p90": 0.9559125304222107,
    "counts": {
      "U": 215,
      "G": 607,
      "S": 586
    },
    "cuts": {
      "universal_max_D": 0.7494998574256897,
      "group_max_D": 0.9002541303634644,
      "group_min_D": 0.7503151893615723,
      "specialist_min_D": 0.9004842042922974
    },
    "figure": "outputs_realtext_512/figs/D_hist_layer05_B0p12.png"
  },
  "13": {
    "D_min": 0.3272460103034973,
    "D_mean": 0.8029159307479858,
    "D_p25": 0.7214226722717285,
    "D_p50": 0.833821177482605,
    "D_p90": 0.9497464299201965,
    "counts": {
      "U": 242,
      "G": 578,
      "S": 588
    },
    "cuts": {
      "universal_max_D": 0.6658344268798828,
      "group_max_D": 0.8621339797973633,
      "group_min_D": 0.6684015989303589,
      "specialist_min_D": 0.8626594543457031
    },
    "figure": "outputs_realtext_512/figs/D_hist_layer13_B0p12.png"
  },
  "26": {
    "D_min": 0.41709089279174805,
    "D_mean": 0.8410879373550415,
    "D_p25": 0.7812209725379944,
    "D_p50": 0.870083212852478,
    "D_p90": 0.9574092626571655,
    "counts": {
      "U": 184,
      "G": 640,
      "S": 584
    },
    "cuts": {
      "universal_max_D": 0.7085509896278381,
      "group_max_D": 0.8917824625968933,
      "group_min_D": 0.7097970843315125,
      "specialist_min_D": 0.8918620347976685
    },
    "figure": "outputs_realtext_512/figs/D_hist_layer26_B0p12.png"
  }
}